teste_id,parceiro,fase_id,grupo_controle,grupo_variante,delta_compradores_dia,delta_vendas_dia,delta_cashback_dia,delta_margem_dia,custo_cashback_por_comprador_incremental,uplift_gmv_observado,uplift_gmv_break_even
dataset_01_parceiroa,Parceiro A,1,Grupo 1,Grupo 2,20.37735849056604,16303.018867924533,2574.7735849056603,-781.3207547169814,126.35462962962963,0.23959883292413964,0.4483834569841274
dataset_01_parceiroa,Parceiro A,1,Grupo 1,Grupo 3,32.73584905660378,23758.1320754717,5252.924528301886,-2638.981132075472,160.4639769452449,0.3491635974819469,1.6293331703931972
dataset_01_parceiroa,Parceiro A,2,Grupo 1,Grupo 2,0.6875,464.5625,212.75,-161.5625,309.45454545454544,0.012266546966203773,0.08981934693975635
dataset_01_parceiroa,Parceiro A,2,Grupo 1,Grupo 3,-3.75,-2808.4375,-384.0,75.3125,,-0.07415542687022347,-0.10388132574372488
dataset_01_parceiroa,Parceiro A,3,Grupo 1,Grupo 2,15.25,358.75,32.5,23.25,2.1311475409836067,0.0029942681153221073,-0.0005248772455291872
dataset_01_parceiroa,Parceiro A,3,Grupo 1,Grupo 3,19.25,-846.5,-165.25,33.5,-8.584415584415584,-0.007065220793366245,-0.012077209357561403
dataset_01_parceiroa,Parceiro A,4,Grupo 1,Grupo 2,1.526315789473685,-2895.0,-145.36842105263167,-173.15789473684208,-95.24137931034484,-0.06020100931498573,-6.060086260695208e-05
dataset_01_parceiroa,Parceiro A,4,Grupo 1,Grupo 3,1.3157894736842053,-1588.2631578947403,-74.94736842105249,-99.84210526315792,-56.960000000000115,-0.03302764945183767,0.0017104728659329549
