teste_id,parceiro,fase_id,grupo_controle,grupo_variante,metrica,dias_pareados,media_controle,media_variante,diferenca_media,uplift_percentual,limite_inferior_95,limite_superior_95,valor_p_permutacao
dataset_02_parceirob,Parceiro B,1,Grupo 1,Grupo 2,compradores,61,130.98360655737704,89.37704918032787,-41.60655737704918,-0.3176470588235294,-47.34426229508197,-36.08155737704919,4.999750012499375e-05
dataset_02_parceirob,Parceiro B,1,Grupo 1,Grupo 2,vendas_totais,61,67111.77049180328,46934.737704918036,-20177.032786885247,-0.3006481968665925,-24015.03770491803,-16347.829508196723,4.999750012499375e-05
dataset_02_parceirob,Parceiro B,1,Grupo 1,Grupo 2,margem,61,4697.868852459016,2346.8360655737706,-2351.032786885246,-0.5004466622465715,-2655.8901639344263,-2059.850409836066,4.999750012499375e-05
dataset_02_parceirob,Parceiro B,1,Grupo 1,Grupo 3,compradores,61,130.98360655737704,82.44262295081967,-48.540983606557376,-0.37058823529411766,-56.295081967213115,-41.622950819672134,4.999750012499375e-05
dataset_02_parceirob,Parceiro B,1,Grupo 1,Grupo 3,vendas_totais,61,67111.77049180328,43114.147540983606,-23997.622950819674,-0.3575769611643703,-28401.891393442624,-19728.01024590164,4.999750012499375e-05
dataset_02_parceirob,Parceiro B,1,Grupo 1,Grupo 3,margem,61,4697.868852459016,862.1803278688525,-3835.688524590164,-0.816474159891126,-4266.107786885245,-3449.5819672131147,4.999750012499375e-05
